,Month,Strawberry ID,Unnamed: 2,Marketable,Waste,Ripeness,Class,brix,hardheid,Unnamed: 9,CAM,Track (Detection v1),Track (Detection v2),Frame name,Tracker in Detection v1 (last-frame),Notes,to-be-discussed,dd,mm,br,nr,yy,date,formatted_date,day_of_year,week_of_year
0,,"28,4,1,0",,True,False,7.0,Coarse (> 30mm),10.0,,,,,,,,no photos available,,28,4,1,0,2021,2021-04-28,2021-04-28,118,17
1,,"28,4,1,3",,True,False,8.0,Small (25-30 mm),,,,,,,,,no photos available,,28,4,1,3,2021,2021-04-28,2021-04-28,118,17
2,,"28,4,1,4",,True,False,6.0,Misshapen,,,,,,,,,no photos available,,28,4,1,4,2021,2021-04-28,2021-04-28,118,17
3,,"28,4,1,5",,True,False,7.0,Tiny (< 25mm),,,,,,,,,no photos available,,28,4,1,5,2021,2021-04-28,2021-04-28,118,17
4,,"5,5,1,1",,WAAR,ONWAAR,9.0,Small (25-30 mm),10.8,,,,2,,,,no photos/series available,,5,5,1,1,2021,2021-05-05,2021-05-05,125,18
5,,"5,5,1,2",,WAAR,ONWAAR,9.0,Small (25-30 mm),11.1,,,,6,,,,no photos/series available,,5,5,1,2,2021,2021-05-05,2021-05-05,125,18
6,,"5,5,1,3",,WAAR,ONWAAR,9.0,Coarse (> 30mm),10.3,,,,13,,,,no photos/series available,,5,5,1,3,2021,2021-05-05,2021-05-05,125,18
7,,"5,5,1,4",,WAAR,ONWAAR,9.0,Small (25-30 mm),9.8,,,,9,,,,no photos/series available,,5,5,1,4,2021,2021-05-05,2021-05-05,125,18
8,,"5,5,1,5",,WAAR,ONWAAR,9.0,Small (25-30 mm),13.9,,,,3,,,,no photos/series available,,5,5,1,5,2021,2021-05-05,2021-05-05,125,18
9,,"10,5,1,1",,WAAR,ONWAAR,9.0,Coarse (> 30mm),,,,,16,,,,,,10,5,1,1,2021,2021-05-10,2021-05-10,130,19
10,,"20,5,1,1",,WAAR,ONWAAR,9.0,Coarse (> 30mm),9.1,,,,,,,,was it 16?,,20,5,1,1,2021,2021-05-20,2021-05-20,140,20
11,,"20,5,1,2",,,,9.0,Small (25-30 mm),9.4,,,,125,,0520_1734,,mostly sure,,20,5,1,2,2021,2021-05-20,2021-05-20,140,20
12,,"20,5,1,3",,,,9.0,Coarse (> 30mm),14.4,,,,10,,0520_1734,,,,20,5,1,3,2021,2021-05-20,2021-05-20,140,20
13,,"20,5,1,4",,,,8.0,Tiny (< 25mm),8.5,,,,131,,0520_1734,,mostly sure,,20,5,1,4,2021,2021-05-20,2021-05-20,140,20
14,5,"20,5,1,8",,True,False,7.0,Coarse (> 30mm),7.3,0.392,,,,,,,,,20,5,1,8,2021,2021-05-20,2021-05-20,140,20
15,6,"20,5,1,9",,True,False,7.0,Coarse (> 30mm),9.2,0.482,,,,,,,,,20,5,1,9,2021,2021-05-20,2021-05-20,140,20
16,7,"20,5,2,1",,True,False,8.0,Tiny (< 25mm),11.2,,,,,,,,,,20,5,2,1,2021,2021-05-20,2021-05-20,140,20
17,10,"31,5,1,10",,True,False,7.0,Small (25-30 mm),8.6,0.406,,,,,0531_1843,,,,31,5,1,10,2021,2021-05-31,2021-05-31,151,22
18,11,"31,5,1,11",,True,False,7.0,Coarse (> 30mm),7.0,0.594,,,,,0531_1843,,,,31,5,1,11,2021,2021-05-31,2021-05-31,151,22
19,12,"31,5,1,12",,True,False,7.0,Misshapen,8.7,0.44,,,,,0531_1843,,,,31,5,1,12,2021,2021-05-31,2021-05-31,151,22
20,13,"31,5,1,13",,True,False,6.0,Small (25-30 mm),6.4,0.664,,,,,0531_1843,,,,31,5,1,13,2021,2021-05-31,2021-05-31,151,22
21,14,"31,5,1,14",,True,False,7.0,Coarse (> 30mm),7.3,0.334,,,,,,,,,31,5,1,14,2021,2021-05-31,2021-05-31,151,22
22,15,"31,5,1,15",,True,False,6.0,Small (25-30 mm),6.6,0.673,,,,,,,,,31,5,1,15,2021,2021-05-31,2021-05-31,151,22
23,16,"31,5,1,16",,True,False,5.0,Small (25-30 mm),6.2,0.825,,,,,,,,,31,5,1,16,2021,2021-05-31,2021-05-31,151,22
24,18,"31,5,1,18",,True,False,7.0,Coarse (> 30mm),8.3,0.417,,,,,,,,,31,5,1,18,2021,2021-05-31,2021-05-31,151,22
25,19,"31,5,1,19",,True,False,8.0,Coarse (> 30mm),9.2,0.385,,,,,0531_1843,,,,31,5,1,19,2021,2021-05-31,2021-05-31,151,22
26,20,"31,5,1,20",,True,False,8.0,Coarse (> 30mm),7.6,0.396,,,,,,,,,31,5,1,20,2021,2021-05-31,2021-05-31,151,22
27,21,"31,5,1,21",,True,False,7.0,Coarse (> 30mm),7.1,0.475,,,,,,,,,31,5,1,21,2021,2021-05-31,2021-05-31,151,22
28,,"20,5,2,1",,,,8.0,Tiny (< 25mm),,,,,,,,,,,20,5,2,1,2021,2021-05-20,2021-05-20,140,20
29,,"31,5,2,2",,True,False,7.0,Coarse (> 30mm),8.2,0.367,,,,,,,,,31,5,2,2,2021,2021-05-31,2021-05-31,151,22
30,,"31,5,2,3",,True,False,6.0,Coarse (> 30mm),8.7,0.648,,3.0,4,,,,,,31,5,2,3,2021,2021-05-31,2021-05-31,151,22
31,,"31,5,2,4",,True,False,6.0,Coarse (> 30mm),6.1,0.543,,,,,,,,,31,5,2,4,2021,2021-05-31,2021-05-31,151,22
32,,"31,5,2,5",,True,False,5.0,Small (25-30 mm),6.5,0.585,,,,,,,,,31,5,2,5,2021,2021-05-31,2021-05-31,151,22
33,,"31,5,2,6",,True,False,6.0,Coarse (> 30mm),6.8,0.333,,,,,,,,,31,5,2,6,2021,2021-05-31,2021-05-31,151,22
34,,"31,5,2,7",,True,False,7.0,Misshapen,7.0,0.376,,,,,,,,,31,5,2,7,2021,2021-05-31,2021-05-31,151,22
35,,"3,6,1,23",,True,False,7.0,Coarse (> 30mm),7.4,,,,565,,0603_1239,,in the left of the frame,,3,6,1,23,2021,2021-06-03,2021-06-03,154,22
36,,"3,6,1,26",,True,False,7.0,Coarse (> 30mm),5.8,,,,488,,,,Still there were labels in 0604_0940,,3,6,1,26,2021,2021-06-03,2021-06-03,154,22
37,,"3,6,1,25",,True,False,7.0,Coarse (> 30mm),7.2,,,,496,,,,,,3,6,1,25,2021,2021-06-03,2021-06-03,154,22
38,,"3,6,2,10",,True,False,8.0,Coarse (> 30mm),6.7,,,,,,,,,,3,6,2,10,2021,2021-06-03,2021-06-03,154,22
39,,"3,6,1,24",,True,False,7.0,Coarse (> 30mm),7.8,,,,464,,,,,,3,6,1,24,2021,2021-06-03,2021-06-03,154,22
40,,"3,6,2,9",,True,False,7.0,Coarse (> 30mm),7.8,,,,200,,,,,,3,6,2,9,2021,2021-06-03,2021-06-03,154,22
41,,"3,6,2,15",,True,False,5.0,Small (25-30 mm),4.7,,,,,,,,,,3,6,2,15,2021,2021-06-03,2021-06-03,154,22
42,,"3,6,2,14",,True,False,6.0,Small (25-30 mm),5.8,,,,,,,,,,3,6,2,14,2021,2021-06-03,2021-06-03,154,22
43,,"3,6,2,11",,True,False,7.0,Coarse (> 30mm),6.5,,,,,,,,,,3,6,2,11,2021,2021-06-03,2021-06-03,154,22
44,,"3,6,1,22",,True,False,7.0,Small (25-30 mm),7.7,,,,,,,,,,3,6,1,22,2021,2021-06-03,2021-06-03,154,22
45,,"8,6,2,24",,True,False,7.0,Coarse (> 30mm),7.5,,,,,,0608_1744,,a bunch of strawberries,,8,6,2,24,2021,2021-06-08,2021-06-08,159,23
46,,"8,6,2,29",,True,False,7.0,Coarse (> 30mm),7.5,,,,,,,,,,8,6,2,29,2021,2021-06-08,2021-06-08,159,23
47,,"8,6,2,17",,True,False,6.0,Coarse (> 30mm),6.5,,,,,,,,,,8,6,2,17,2021,2021-06-08,2021-06-08,159,23
48,,"8,6,2,18",,True,False,7.0,Coarse (> 30mm),6.8,,,,,,,,,,8,6,2,18,2021,2021-06-08,2021-06-08,159,23
49,,"8,6,2,26",,True,False,7.0,Coarse (> 30mm),8.0,,,,349,,,,,,8,6,2,26,2021,2021-06-08,2021-06-08,159,23
50,,"8,6,2,19",,True,False,8.0,Coarse (> 30mm),7.4,,,,,,,,,,8,6,2,19,2021,2021-06-08,2021-06-08,159,23
51,,"8,6,2,23",,True,False,8.0,Coarse (> 30mm),4.8,,,,,,,,,,8,6,2,23,2021,2021-06-08,2021-06-08,159,23
52,,"8,6,2,20",,True,False,7.0,Coarse (> 30mm),6.0,,,,,,,,,,8,6,2,20,2021,2021-06-08,2021-06-08,159,23
53,,"8,6,2,21",,True,False,6.0,Small (25-30 mm),5.8,,,,,,,,,,8,6,2,21,2021,2021-06-08,2021-06-08,159,23
54,,"8,6,1,30",,True,False,7.0,Coarse (> 30mm),6.6,,,,,,,,,,8,6,1,30,2021,2021-06-08,2021-06-08,159,23
55,,"8,6,2,28",,True,False,7.0,Coarse (> 30mm),5.4,,,,,,,,hidden by the label,,8,6,2,28,2021,2021-06-08,2021-06-08,159,23
56,,"8,6,2,27",,True,False,6.0,Coarse (> 30mm),4.6,,,,,,,,,,8,6,2,27,2021,2021-06-08,2021-06-08,159,23
57,,"8,6,2,25",,True,False,6.0,Coarse (> 30mm),5.8,,,,,,,,,,8,6,2,25,2021,2021-06-08,2021-06-08,159,23
58,,"8,6,2,22",,True,False,5.0,Coarse (> 30mm),5.3,,,,,,,,,,8,6,2,22,2021,2021-06-08,2021-06-08,159,23
59,,"8,6,1,36",,True,False,9.0,Small (25-30 mm),8.0,,,,,,,,,,8,6,1,36,2021,2021-06-08,2021-06-08,159,23
60,,"8,6,1,33",,True,False,7.0,Coarse (> 30mm),6.6,,,,661,,,,,,8,6,1,33,2021,2021-06-08,2021-06-08,159,23
61,,"8,6,1,28",,True,False,7.0,Small (25-30 mm),5.7,,,,,,,,,,8,6,1,28,2021,2021-06-08,2021-06-08,159,23
62,,"8,6,1,39",,True,False,7.0,Coarse (> 30mm),5.5,,,,310,,,,,,8,6,1,39,2021,2021-06-08,2021-06-08,159,23
63,,"8,6,1,35",,True,False,7.0,Coarse (> 30mm),5.6,,,,746,,,,,,8,6,1,35,2021,2021-06-08,2021-06-08,159,23
64,,"8,6,1,27",,True,False,7.0,Coarse (> 30mm),7.1,,,,354,,,,,,8,6,1,27,2021,2021-06-08,2021-06-08,159,23
65,,"8,6,1,37",,True,False,7.0,Coarse (> 30mm),6.8,,,,,,,,,,8,6,1,37,2021,2021-06-08,2021-06-08,159,23
66,,"8,6,1,32",,True,False,8.0,Coarse (> 30mm),7.2,,,,,,,,,,8,6,1,32,2021,2021-06-08,2021-06-08,159,23
67,,"8,6,1,38",,True,False,7.0,Coarse (> 30mm),5.9,,,,,,,,,,8,6,1,38,2021,2021-06-08,2021-06-08,159,23
68,,"8,6,1,31",,True,False,8.0,Coarse (> 30mm),6.6,,,,351,,,,,,8,6,1,31,2021,2021-06-08,2021-06-08,159,23
69,,"8,6,1,34",,True,False,8.0,Coarse (> 30mm),7.4,,,,706,,,,,,8,6,1,34,2021,2021-06-08,2021-06-08,159,23
70,,"8,6,1,29",,True,False,8.0,Coarse (> 30mm),6.0,,,,,,,,,,8,6,1,29,2021,2021-06-08,2021-06-08,159,23
71,,"10,6,2,30",,True,False,6.0,Small (25-30 mm),5.8,,,,417,,,,,,10,6,2,30,2021,2021-06-10,2021-06-10,161,23
72,,"10,6,1,41",,True,False,7.0,Coarse (> 30mm),7.2,0.437,,,,,0610_1545,,,,10,6,1,41,2021,2021-06-10,2021-06-10,161,23
73,,"10,6,2,33",,True,False,7.0,Coarse (> 30mm),7.4,0.377,,,,,,,,,10,6,2,33,2021,2021-06-10,2021-06-10,161,23
74,,"10,6,2,32",,True,False,7.0,Coarse (> 30mm),6.8,0.337,,,,,,,,,10,6,2,32,2021,2021-06-10,2021-06-10,161,23
75,,"10,6,1,47",,True,False,7.0,Coarse (> 30mm),5.5,0.321,,,876,,,,,,10,6,1,47,2021,2021-06-10,2021-06-10,161,23
76,,"10,6,1,43",,True,False,7.0,Coarse (> 30mm),5.9,0.414,,,,,,,,,10,6,1,43,2021,2021-06-10,2021-06-10,161,23
77,,"10,6,1,54",,True,False,7.0,Coarse (> 30mm),5.8,0.314,,,865,,,,,,10,6,1,54,2021,2021-06-10,2021-06-10,161,23
78,,"10,6,1,53",,True,False,8.0,Misshapen,6.8,0.307,,,,,,,,,10,6,1,53,2021,2021-06-10,2021-06-10,161,23
79,,"10,6,1,52",,True,False,8.0,Coarse (> 30mm),7.3,0.349,,,,,,,,,10,6,1,52,2021,2021-06-10,2021-06-10,161,23
80,,"10,6,1,44",,True,False,8.0,Coarse (> 30mm),6.1,0.361,,,,,,,,,10,6,1,44,2021,2021-06-10,2021-06-10,161,23
81,,"10,6,1,42",,True,False,7.0,Coarse (> 30mm),5.8,0.308,,,,,,,,,10,6,1,42,2021,2021-06-10,2021-06-10,161,23
82,,"10,6,1,49",,True,False,8.0,Coarse (> 30mm),6.9,0.274,,,785,,,,harvested on 0616,,10,6,1,49,2021,2021-06-10,2021-06-10,161,23
83,,"10,6,1,55",,True,False,7.0,Coarse (> 30mm),7.3,0.357,,,-,,,,one in a bunch of strawberries,,10,6,1,55,2021,2021-06-10,2021-06-10,161,23
84,,"10,6,1,45",,True,False,6.0,Coarse (> 30mm),4.7,0.317,,,,,,,,,10,6,1,45,2021,2021-06-10,2021-06-10,161,23
85,,"10,6,1,40",,True,False,6.0,Small (25-30 mm),4.8,0.36,,,,,,,,,10,6,1,40,2021,2021-06-10,2021-06-10,161,23
86,,"10,6,1,56",,True,False,7.0,Coarse (> 30mm),6.7,0.418,,,,,,,,,10,6,1,56,2021,2021-06-10,2021-06-10,161,23
87,,"10,6,1,57",,True,False,6.0,Coarse (> 30mm),6.5,0.444,,,,,,,,,10,6,1,57,2021,2021-06-10,2021-06-10,161,23
88,,"10,6,1,46",,True,False,6.0,Coarse (> 30mm),5.0,0.337,,,,,,,,,10,6,1,46,2021,2021-06-10,2021-06-10,161,23
89,,"10,6,1,51",,True,False,7.0,Small (25-30 mm),5.1,0.347,,,825,,,,,,10,6,1,51,2021,2021-06-10,2021-06-10,161,23
90,,"10,6,1,50",,True,False,7.0,Coarse (> 30mm),6.1,0.282,,,,,,,,"There were also lables in 0614/17/21/27/28/29, where did the strawberries go?",10,6,1,50,2021,2021-06-10,2021-06-10,161,23
91,,"2,7,2,1",,False,True,9.0,Small (25-30 mm),9.5,0.318,,3.0,766,6,0702_1218,,,,2,7,2,1,2021,2021-07-02,2021-07-02,183,26
92,,"2,7,2,3",,True,False,9.0,Small (25-30 mm),5.7,0.272,,,186,,,,,,2,7,2,3,2021,2021-07-02,2021-07-02,183,26
93,,"2,7,2,2",,True,False,8.0,Coarse (> 30mm),7.1,0.311,,,181,,,,trackers lost from 0629 - 0806,,2,7,2,2,2021,2021-07-02,2021-07-02,183,26
94,,"2,7,1,2",,True,False,8.0,Small (25-30 mm),7.2,0.278,,3.0,696,0,,,,,2,7,1,2,2021,2021-07-02,2021-07-02,183,26
95,,"2,7,1,3",,True,False,7.0,Tiny (< 25mm),5.0,0.202,,1.0,1485,34,0702_1509,,,,2,7,1,3,2021,2021-07-02,2021-07-02,183,26
96,,"2,7,1,5",,True,False,9.0,Small (25-30 mm),6.9,0.347,,1.0,1357,13,0702_1509,,,,2,7,1,5,2021,2021-07-02,2021-07-02,183,26
97,,"2,7,1,4",,True,False,8.0,Tiny (< 25mm),11.7,0.236,,1.0,1440,6,0702_1509,,,,2,7,1,4,2021,2021-07-02,2021-07-02,183,26
98,,"2,7,1,1",,True,False,8.0,Coarse (> 30mm),10.2,0.27,,3.0,765,2,0702_1218,,,,2,7,1,1,2021,2021-07-02,2021-07-02,183,26
99,,"7,7,2,7",,True,False,8.0,Tiny (< 25mm),7.7,0.17,,,,,0707_1143,,,,7,7,2,7,2021,2021-07-07,2021-07-07,188,27
100,,"7,7,1,11",,True,False,9.0,Coarse (> 30mm),8.6,0.177,,,,,,,,,7,7,1,11,2021,2021-07-07,2021-07-07,188,27
101,,"7,7,2,2",,True,False,8.0,Small (25-30 mm),5.1,0.2,,,374,,707,,,,7,7,2,2,2021,2021-07-07,2021-07-07,188,27
102,,"7,7,2,6",,True,False,9.0,Coarse (> 30mm),6.1,0.193,,,,,,,donâ€™t know where it was attached to,,7,7,2,6,2021,2021-07-07,2021-07-07,188,27
103,,"7,7,1,10",,True,False,8.0,Small (25-30 mm),8.3,0.221,,,,,,,,,7,7,1,10,2021,2021-07-07,2021-07-07,188,27
104,,"7,7,1,3",,True,False,8.0,Small (25-30 mm),5.9,0.662,,1.0,1575,7,0707_1213,,,,7,7,1,3,2021,2021-07-07,2021-07-07,188,27
105,,"7,7,1,8",,True,False,8.0,Tiny (< 25mm),8.6,0.17,,,,,,,,,7,7,1,8,2021,2021-07-07,2021-07-07,188,27
106,,"7,7,2,4",,True,False,8.0,Coarse (> 30mm),4.9,,,,,,,,,,7,7,2,4,2021,2021-07-07,2021-07-07,188,27
107,,"7,7,1,7",,True,False,8.0,Coarse (> 30mm),7.4,0.335,,,,,,,,,7,7,1,7,2021,2021-07-07,2021-07-07,188,27
108,,"7,7,1,6",,True,False,8.0,Coarse (> 30mm),8.5,0.291,,,,,,,,,7,7,1,6,2021,2021-07-07,2021-07-07,188,27
109,,"7,7,1,12",,True,False,8.0,Small (25-30 mm),7.6,0.416,,,,,,,,,7,7,1,12,2021,2021-07-07,2021-07-07,188,27
110,,"7,7,2,1",,True,False,8.0,Small (25-30 mm),6.1,0.291,,,,,,,,,7,7,2,1,2021,2021-07-07,2021-07-07,188,27
111,,"7,7,1,9",,True,False,8.0,Tiny (< 25mm),7.2,0.274,,,,,,,,,7,7,1,9,2021,2021-07-07,2021-07-07,188,27
112,,"7,7,2,3",,True,False,8.0,Small (25-30 mm),5.4,0.423,,,,,,,,,7,7,2,3,2021,2021-07-07,2021-07-07,188,27
113,,"7,7,1,4",,True,False,9.0,Small (25-30 mm),8.2,,,1.0,1597,26,0707_1213,,,,7,7,1,4,2021,2021-07-07,2021-07-07,188,27
114,,"7,7,1,2",,True,False,9.0,Tiny (< 25mm),6.0,,,1.0,1584,35 OR 11,0707_1213,,,,7,7,1,2,2021,2021-07-07,2021-07-07,188,27
115,,"7,7,1,1",,True,False,9.0,Tiny (< 25mm),10.6,,,1.0,1573,35 OR 11,0707_1213,,,,7,7,1,1,2021,2021-07-07,2021-07-07,188,27
116,,"9,7,2,1",,False,True,8.0,Small (25-30 mm),8.4,0.4,,,,,,,not caught by the camera,,9,7,2,1,2021,2021-07-09,2021-07-09,190,27
117,,"9,7,2,2",,True,False,7.0,Small (25-30 mm),6.5,,,,,,,,not caught by the camera,,9,7,2,2,2021,2021-07-09,2021-07-09,190,27
118,,"9,7,2,3",,True,False,8.0,Small (25-30 mm),8.2,,,,,,,,not caught by the camera,,9,7,2,3,2021,2021-07-09,2021-07-09,190,27
119,,"9,7,2,4",,True,False,8.0,Small (25-30 mm),7.8,,,,,,,,very bottom of CAM 5,,9,7,2,4,2021,2021-07-09,2021-07-09,190,27
120,,"12,7,2,2",,True,False,8.0,Tiny (< 25mm),9.7,,,,649,,,,,,12,7,2,2,2021,2021-07-12,2021-07-12,193,28
121,,"12,7,2,1",,True,False,8.0,Coarse (> 30mm),6.7,0.255,,,591,,,,,,12,7,2,1,2021,2021-07-12,2021-07-12,193,28
122,,"12,7,1,5",,True,False,7.0,Coarse (> 30mm),7.7,0.286,,3.0,876,4,0712_1228,,,,12,7,1,5,2021,2021-07-12,2021-07-12,193,28
123,,"12,7,1,6",,True,False,8.0,Tiny (< 25mm),7.0,0.256,,,1754,,,,probably,,12,7,1,6,2021,2021-07-12,2021-07-12,193,28
124,,"12,7,1,4",,True,False,7.0,Coarse (> 30mm),9.1,0.22,,3.0,875,5,0712_1228,,,,12,7,1,4,2021,2021-07-12,2021-07-12,193,28
125,,"12,7,1,3",,True,False,6.0,Coarse (> 30mm),7.6,0.327,,3.0,874,8,0712_1228,,"we have 12.7.1.2. in CAM 1, which was harvested ~ 0715",,12,7,1,3,2021,2021-07-12,2021-07-12,193,28
126,,"12,7,1,1",,True,False,7.0,Small (25-30 mm),8.0,0.259,,,1755,,,,,,12,7,1,1,2021,2021-07-12,2021-07-12,193,28
127,,"12,7,2,3",,True,False,7.0,Tiny (< 25mm),8.3,0.45,,,633,,,,,,12,7,2,3,2021,2021-07-12,2021-07-12,193,28
128,,"16,7,2,2",,True,False,7.0,Small (25-30 mm),7.6,0.412,,,,,,,labels backwards,,16,7,2,2,2021,2021-07-16,2021-07-16,197,28
129,,"16,7,1,1",,True,False,8.0,Small (25-30 mm),8.0,0.219,,,,,,,,,16,7,1,1,2021,2021-07-16,2021-07-16,197,28
130,,"16,7,1,3",,True,False,8.0,Tiny (< 25mm),7.3,0.38,,,,,,,,,16,7,1,3,2021,2021-07-16,2021-07-16,197,28
131,,"16,7,1,4",,True,False,8.0,Small (25-30 mm),8.6,0.314,,,,,,,,,16,7,1,4,2021,2021-07-16,2021-07-16,197,28
132,,"16,7,1,2",,True,False,7.0,Small (25-30 mm),7.2,0.31,,,,,,,,,16,7,1,2,2021,2021-07-16,2021-07-16,197,28
133,,"16,7,2,5",,True,False,6.0,Coarse (> 30mm),6.8,0.353,,,,,,,labels backwards,,16,7,2,5,2021,2021-07-16,2021-07-16,197,28
134,,"16,7,2,4",,True,False,6.0,Tiny (< 25mm),6.3,0.344,,,,,,,labels backwards,,16,7,2,4,2021,2021-07-16,2021-07-16,197,28
135,,"16,7,1,6",,True,False,8.0,Small (25-30 mm),9.0,0.258,,3.0,1026,14,0716_1032,,,,16,7,1,6,2021,2021-07-16,2021-07-16,197,28
136,,"16,7,2,1",,True,False,6.0,Coarse (> 30mm),6.3,0.294,,,,,,,labels backwards,,16,7,2,1,2021,2021-07-16,2021-07-16,197,28
137,,"16,7,1,5",,True,False,7.0,Tiny (< 25mm),9.4,0.36,,,,,,,,,16,7,1,5,2021,2021-07-16,2021-07-16,197,28
138,,"16,7,1,5",,True,False,7.0,Small (25-30 mm),6.2,0.32,,,,,,,,,16,7,1,5,2021,2021-07-16,2021-07-16,197,28
139,,"19,7,1,6",,True,False,7.0,Small (25-30 mm),7.4,0.352,,,,,,,,,19,7,1,6,2021,2021-07-19,2021-07-19,200,29
140,,"19,7,1,7",,True,False,8.0,Tiny (< 25mm),9.0,0.299,,,,,,,,,19,7,1,7,2021,2021-07-19,2021-07-19,200,29
141,,"19,7,1,2",,False,True,8.0,Coarse (> 30mm),8.2,0.374,,1.0,2003,54,0719_1025,,,,19,7,1,2,2021,2021-07-19,2021-07-19,200,29
142,,"19,7,1,5",,True,False,8.0,Tiny (< 25mm),6.1,0.223,,,2009,,,,"x is hidden because of the frame, guess it is 2009",,19,7,1,5,2021,2021-07-19,2021-07-19,200,29
143,,"19,7,2,1",,True,False,8.0,Coarse (> 30mm),6.1,0.436,,,,,,,,,19,7,2,1,2021,2021-07-19,2021-07-19,200,29
144,,"19,7,1,3",,True,False,8.0,Small (25-30 mm),7.4,0.274,,3.0,1804,28,0719-1125,,,,19,7,1,3,2021,2021-07-19,2021-07-19,200,29
145,,"19,7,1,1",,True,False,8.0,Small (25-30 mm),6.7,0.29,,1.0,2006,60,0719_1025,,,,19,7,1,1,2021,2021-07-19,2021-07-19,200,29
146,,"19,7,2,2",,True,False,8.0,Small (25-30 mm),6.2,0.72,,,,,,,,,19,7,2,2,2021,2021-07-19,2021-07-19,200,29
147,,"19,7,2,3",,True,False,8.0,Tiny (< 25mm),6.9,0.436,,,793,,,,,,19,7,2,3,2021,2021-07-19,2021-07-19,200,29
148,,"19,7,2,4",,True,False,8.0,Small (25-30 mm),7.1,0.356,,,759,,,,"Guessed according to 19,7,2,3",,19,7,2,4,2021,2021-07-19,2021-07-19,200,29
149,,"19,7,1,4",,True,False,8.0,Tiny (< 25mm),7.3,0.37,,,2005,,,,,,19,7,1,4,2021,2021-07-19,2021-07-19,200,29
150,,"23,7,2,4",,True,False,7.0,Tiny (< 25mm),6.1,0.4,,,,,,,,,23,7,2,4,2021,2021-07-23,2021-07-23,204,29
151,,"23,7,2,2",,True,False,8.0,Small (25-30 mm),6.7,0.356,,,,,,,,,23,7,2,2,2021,2021-07-23,2021-07-23,204,29
152,,"23,7,2,4",,True,False,8.0,Coarse (> 30mm),7.6,0.456,,,,,,,1.2 is 2135 front,,23,7,2,4,2021,2021-07-23,2021-07-23,204,29
153,,"23,7,2,6",,True,False,8.0,Small (25-30 mm),7.1,0.468,,,,,,,,,23,7,2,6,2021,2021-07-23,2021-07-23,204,29
154,,"23,7,1,8",,True,False,8.0,Tiny (< 25mm),8.2,0.431,,,,,,,,,23,7,1,8,2021,2021-07-23,2021-07-23,204,29
155,,"23,7,1,10",,True,False,8.0,Coarse (> 30mm),7.2,0.591,,3.0,,59,0723_1139,,,,23,7,1,10,2021,2021-07-23,2021-07-23,204,29
156,,"23,7,2,1",,True,False,8.0,Tiny (< 25mm),7.3,0.389,,,,,,,,,23,7,2,1,2021,2021-07-23,2021-07-23,204,29
157,,"23,7,1,11",,True,False,8.0,Tiny (< 25mm),7.5,0.61,,3.0,,39,0723_1139,,,,23,7,1,11,2021,2021-07-23,2021-07-23,204,29
158,,"23,7,1,12",,True,False,8.0,Tiny (< 25mm),7.5,0.398,,,,,,,,,23,7,1,12,2021,2021-07-23,2021-07-23,204,29
159,,"23,7,2,3",,True,False,8.0,Tiny (< 25mm),7.1,0.528,,,,,,,"on the bottom 2.3-2.5, from left to right",,23,7,2,3,2021,2021-07-23,2021-07-23,204,29
160,,"23,7,1,7",,True,False,7.0,Coarse (> 30mm),6.0,0.603,,1.0,2016,58,0723_1128,,hidden,,23,7,1,7,2021,2021-07-23,2021-07-23,204,29
161,,"23,7,1,9",,True,False,8.0,Small (25-30 mm),6.8,0.671,,1.0,-,44,0723_1128,,"under 1,8",,23,7,1,9,2021,2021-07-23,2021-07-23,204,29
162,,"23,7,1,3",,True,False,8.0,Small (25-30 mm),7.2,0.666,,1.0,2086,42,0723_1128,,,,23,7,1,3,2021,2021-07-23,2021-07-23,204,29
163,,"23,7,1,6",,True,False,7.0,Coarse (> 30mm),6.6,0.537,,1.0,2026,59,0723_0928,,"1,8 is hidden",,23,7,1,6,2021,2021-07-23,2021-07-23,204,29
164,,"23,7,2,5",,True,False,8.0,Tiny (< 25mm),5.7,0.555,,,,,,,,,23,7,2,5,2021,2021-07-23,2021-07-23,204,29
165,,"23,7,1,4",,True,False,8.0,Coarse (> 30mm),7.1,0.542,,,-,,,,2135's back,,23,7,1,4,2021,2021-07-23,2021-07-23,204,29
166,,"23,7,1,1",,True,False,7.0,Coarse (> 30mm),7.2,0.592,,1.0,1972,79,0723_0928,,,,23,7,1,1,2021,2021-07-23,2021-07-23,204,29
167,,"23,7,1,5",,True,False,8.0,Coarse (> 30mm),7.2,0.335,,1.0,2163,61,0723_0928,,,,23,7,1,5,2021,2021-07-23,2021-07-23,204,29
168,,"26,7,2,2",,True,False,7.0,Tiny (< 25mm),6.4,0.642,,,,,,,,,26,7,2,2,2021,2021-07-26,2021-07-26,207,30
169,,"26,7,1,2",,True,False,7.0,Small (25-30 mm),6.5,0.98,,1.0,2213,81,0726_1131,,,,26,7,1,2,2021,2021-07-26,2021-07-26,207,30
170,,"26,7,1,1",,True,False,8.0,Coarse (> 30mm),6.4,0.654,,,,,,,to much in the left,,26,7,1,1,2021,2021-07-26,2021-07-26,207,30
171,,"26,7,1,4",,True,False,8.0,Small (25-30 mm),6.0,0.642,,1.0,2204,65,0726_1131,,,,26,7,1,4,2021,2021-07-26,2021-07-26,207,30
172,,"26,7,1,3",,True,False,7.0,Tiny (< 25mm),7.0,0.803,,1.0,2294,66,0726_1131,,,,26,7,1,3,2021,2021-07-26,2021-07-26,207,30
173,,"26,7,1,5",,True,False,8.0,Tiny (< 25mm),7.0,0.567,,3.0,1511,45,0727_0942,,,,26,7,1,5,2021,2021-07-26,2021-07-26,207,30
174,,"26,7,2,1",,True,False,8.0,Coarse (> 30mm),7.7,0.385,,3.0,1459,46,0726_0942,,,,26,7,2,1,2021,2021-07-26,2021-07-26,207,30
175,,"26,7,2,3",,True,False,7.0,Tiny (< 25mm),5.5,0.706,,,,,,,,One of this or behind is 1498. But there were two labels!,26,7,2,3,2021,2021-07-26,2021-07-26,207,30
176,,"26,7,2,4",,True,False,7.0,Tiny (< 25mm),8.7,0.636,,,909,,,,,,26,7,2,4,2021,2021-07-26,2021-07-26,207,30
177,,"26,7,1,6",,True,False,8.0,Coarse (> 30mm),8.2,0.447,,3.0,1586,48,0726_0942,,,,26,7,1,6,2021,2021-07-26,2021-07-26,207,30
178,,"26,7,2,6",,True,False,8.0,Small (25-30 mm),7.4,0.392,,,792,,,,,792 looks like 26.7.2.5,26,7,2,6,2021,2021-07-26,2021-07-26,207,30
179,,"30,7,1,4",,True,False,8.0,Tiny (< 25mm),6.9,0.59,,,,,,,,,30,7,1,4,2021,2021-07-30,2021-07-30,211,30
180,,"30,7,1,2",,True,False,8.0,Coarse (> 30mm),6.9,0.462,,,,,,,,,30,7,1,2,2021,2021-07-30,2021-07-30,211,30
181,,"30,7,2,1",,True,False,8.0,Small (25-30 mm),6.3,0.876,,3.0,1760,57,0730_0945,,,,30,7,2,1,2021,2021-07-30,2021-07-30,211,30
182,,"30,7,1,1",,True,False,8.0,Small (25-30 mm),8.0,0.356,,1.0,2300,82,0730_0935,,,,30,7,1,1,2021,2021-07-30,2021-07-30,211,30
183,,"30,7,2,3",,True,False,8.0,Tiny (< 25mm),7.3,0.766,,5.0,1093,,,,,,30,7,2,3,2021,2021-07-30,2021-07-30,211,30
184,,"30,7,1,3",,True,False,8.0,Coarse (> 30mm),9.3,0.387,,3.0,1622,49,0730_0945,,,,30,7,1,3,2021,2021-07-30,2021-07-30,211,30
185,,"30,7,2,2",,True,False,8.0,Tiny (< 25mm),6.0,0.864,,,,,,,,,30,7,2,2,2021,2021-07-30,2021-07-30,211,30
186,,"13,8,2,5",,True,False,8.0,Small (25-30 mm),9.6,0.439,,5.0,1856,,,,,"2804 is 13,8,1,5, but here are two 13.8.2.5",13,8,2,5,2021,2021-08-13,2021-08-13,225,32
187,,"13,8,1,4",,True,False,8.0,Tiny (< 25mm),8.6,0.426,,1.0,3056,139,0813_0913,,,,13,8,1,4,2021,2021-08-13,2021-08-13,225,32
188,,"13,8,1,1",,True,False,8.0,Coarse (> 30mm),8.0,0.356,,1.0,2867,174,0813_0913,,,,13,8,1,1,2021,2021-08-13,2021-08-13,225,32
189,,"13,8,1,2",,True,False,8.0,Coarse (> 30mm),8.0,0.46,,1.0,2937,163,0813_0913,,,,13,8,1,2,2021,2021-08-13,2021-08-13,225,32
190,,"13,8,2,3",,True,False,8.0,Tiny (< 25mm),7.8,0.552,,3.0,,71,0813_1128,,,2413 or behind?,13,8,2,3,2021,2021-08-13,2021-08-13,225,32
191,,"13,8,2,2",,True,False,8.0,Small (25-30 mm),9.9,0.301,,5.0,1381,,,,,,13,8,2,2,2021,2021-08-13,2021-08-13,225,32
192,,"13,8,1,3",,True,False,8.0,Coarse (> 30mm),7.8,0.656,,1.0,3028,165,0813_0913,,,,13,8,1,3,2021,2021-08-13,2021-08-13,225,32
193,,"13,8,1,6",,True,False,8.0,Small (25-30 mm),8.5,0.28,,1.0,3053,160,0813_0913,,,,13,8,1,6,2021,2021-08-13,2021-08-13,225,32
194,,"13,8,2,5",,True,False,8.0,Small (25-30 mm),8.0,0.903,,,,,,,,"2804 is 13,8,1,5, but here are two 13.8.2.5",13,8,2,5,2021,2021-08-13,2021-08-13,225,32
195,,"13,8,2,4",,True,False,8.0,Small (25-30 mm),8.5,0.473,,3.0,,217,0813_1128,,,2299 or behind?,13,8,2,4,2021,2021-08-13,2021-08-13,225,32
196,,"13,8,2,1",,True,False,8.0,Small (25-30 mm),7.5,0.386,,3.0,2050,208,0813_1128,,,,13,8,2,1,2021,2021-08-13,2021-08-13,225,32
197,,"20,8,2,6",,True,False,8.0,Small (25-30 mm),8.5,0.5,,5.0,1758,,,,,,20,8,2,6,2021,2021-08-20,2021-08-20,232,33
198,,"20,8,2,1",,True,False,7.0,Tiny (< 25mm),6.2,0.839,,3.0,2701,222,0820_1036,,,,20,8,2,1,2021,2021-08-20,2021-08-20,232,33
199,,"20,8,2,2",,True,False,8.0,Small (25-30 mm),10.1,0.495,,3.0,2703,211,0820_1036,,,,20,8,2,2,2021,2021-08-20,2021-08-20,232,33
200,,"20,8,1,4",,True,False,7.0,Small (25-30 mm),7.7,0.51,,,,,,,,,20,8,1,4,2021,2021-08-20,2021-08-20,232,33
201,,"20,8,2,3",,True,False,8.0,Small (25-30 mm),9.5,0.364,,3.0,,217,0820_1536,,,,20,8,2,3,2021,2021-08-20,2021-08-20,232,33
202,,"20,8,1,5",,True,False,8.0,Coarse (> 30mm),7.5,0.261,,3.0,2466,229,0820_1036,,,,20,8,1,5,2021,2021-08-20,2021-08-20,232,33
203,,"20,8,2,4",,True,False,8.0,Small (25-30 mm),7.6,0.635,,5.0,1987,,,,,,20,8,2,4,2021,2021-08-20,2021-08-20,232,33
204,,"20,8,1,6",,True,False,8.0,Coarse (> 30mm),8.5,0.589,,3.0,2541,285,0820_1036,,,,20,8,1,6,2021,2021-08-20,2021-08-20,232,33
205,,"20,8,1,3",,True,False,8.0,Coarse (> 30mm),8.5,0.494,,1.0,3178,172,0820_0920,,,,20,8,1,3,2021,2021-08-20,2021-08-20,232,33
206,,"20,8,1,1",,True,False,7.0,Small (25-30 mm),7.8,0.734,,1.0,3193,181,0820_0920,,,,20,8,1,1,2021,2021-08-20,2021-08-20,232,33
207,,"20,8,2,5",,True,False,8.0,Coarse (> 30mm),7.4,0.526,,5.0,1990,,,,,,20,8,2,5,2021,2021-08-20,2021-08-20,232,33
208,,"20,8,1,2",,True,False,8.0,Coarse (> 30mm),6.4,0.454,,,,,,,,on the left?,20,8,1,2,2021,2021-08-20,2021-08-20,232,33
209,,"27,8,1,4",,True,False,8.0,Small (25-30 mm),10.1,0.403,,3.0,,271,0827_0944,,,to the left of cam 3,27,8,1,4,2021,2021-08-27,2021-08-27,239,34
210,,"27,8,1,3",,True,False,8.0,Small (25-30 mm),8.4,0.38,,1.0,3336 or 3337,181,0827_1226,,,probably 3336,27,8,1,3,2021,2021-08-27,2021-08-27,239,34
211,,"27,8,1,2",,True,False,8.0,Tiny (< 25mm),8.2,0.446,,1.0,3309,179,0827_1226,,,"1,1 on the left, miss",27,8,1,2,2021,2021-08-27,2021-08-27,239,34
212,,"27,8,2,3",,True,False,8.0,Small (25-30 mm),8.2,0.673,,3.0,,294,0827_0944,,,"on the top, not tracked",27,8,2,3,2021,2021-08-27,2021-08-27,239,34
213,,"27,8,2,2",,True,False,9.0,Coarse (> 30mm),10.1,0.299,,3.0,,274,0827_0944,,,"on the right bottom, not tracked",27,8,2,2,2021,2021-08-27,2021-08-27,239,34
214,,"27,8,2,1",,True,False,8.0,Tiny (< 25mm),9.5,0.664,,3.0,2722,264,0827_0944,,,,27,8,2,1,2021,2021-08-27,2021-08-27,239,34
215,,"27,8,1,5",,True,False,7.0,Coarse (> 30mm),5.8,0.386,,3.0,2550,242,0827_0944,,,,27,8,1,5,2021,2021-08-27,2021-08-27,239,34
216,,"27,8,2,4",,True,False,7.0,Small (25-30 mm),7.1,0.596,,,,,,,,might hidden in the left bottom of cam 5,27,8,2,4,2021,2021-08-27,2021-08-27,239,34
217,,"27,8,2,5",,True,False,6.0,Coarse (> 30mm),6.3,0.8,,5.0,2034,,,,,not sure,27,8,2,5,2021,2021-08-27,2021-08-27,239,34
218,,"27,8,2,6",,True,False,8.0,Small (25-30 mm),8.1,0.338,,5.0,2021,,,,,,27,8,2,6,2021,2021-08-27,2021-08-27,239,34
219,,"3,9,2,1",,True,False,7.0,Tiny (< 25mm),8.6,1.066,,3.0,,,,,,"half, 3.9.2.4 is missing",3,9,2,1,2021,2021-09-03,2021-09-03,246,35
220,,"3,9,2,3",,True,False,8.0,Small (25-30 mm),8.5,0.47,,,,,,,,,3,9,2,3,2021,2021-09-03,2021-09-03,246,35
221,,"3,9,1,2",,True,False,8.0,Small (25-30 mm),6.8,0.565,,1.0,,228,0903_1033,,,,3,9,1,2,2021,2021-09-03,2021-09-03,246,35
222,,"3,9,1,1",,True,False,8.0,Small (25-30 mm),7.8,0.426,,1.0,,242,0903_1033,,,,3,9,1,1,2021,2021-09-03,2021-09-03,246,35
223,,"3,9,1,3",,True,False,8.0,Small (25-30 mm),6.9,0.636,,1.0,,202,0903_1033,,,,3,9,1,3,2021,2021-09-03,2021-09-03,246,35
224,,"3,9,1,5",,True,False,8.0,Small (25-30 mm),7.1,0.579,,3.0,,314,,,,half,3,9,1,5,2021,2021-09-03,2021-09-03,246,35
225,,"3,9,2,2",,True,False,8.0,Coarse (> 30mm),8.1,0.421,,,,,,,,,3,9,2,2,2021,2021-09-03,2021-09-03,246,35
226,,"3,9,2,6",,True,False,8.0,Small (25-30 mm),6.5,0.542,,5.0,,,,,,,3,9,2,6,2021,2021-09-03,2021-09-03,246,35
227,,"3,9,1,6",,True,False,7.0,Coarse (> 30mm),6.3,0.967,,,,,,,,,3,9,1,6,2021,2021-09-03,2021-09-03,246,35
228,,"3,9,2,5",,True,False,7.0,Coarse (> 30mm),6.4,0.622,,5.0,,,,,,behind,3,9,2,5,2021,2021-09-03,2021-09-03,246,35
229,,"3,9,1,4",,True,False,7.0,Coarse (> 30mm),6.8,0.446,,1.0,,,,,,,3,9,1,4,2021,2021-09-03,2021-09-03,246,35
230,,"10,9,1,2",,True,False,7.0,Coarse (> 30mm),7.5,0.617,,1.0,,247,0910_1340,,,,10,9,1,2,2021,2021-09-10,2021-09-10,253,36
231,,"10,9,1,1",,True,False,8.0,Coarse (> 30mm),7.6,0.336,,1.0,,231,0910_1340,,,,10,9,1,1,2021,2021-09-10,2021-09-10,253,36
232,,"10,9,1,6",,True,False,8.0,Small (25-30 mm),8.1,0.4,,3.0,,346,,,,labels were hidden,10,9,1,6,2021,2021-09-10,2021-09-10,253,36
233,,"10,9,1,4",,True,False,8.0,Small (25-30 mm),7.7,0.384,,3.0,,401,,,,labels were hidden,10,9,1,4,2021,2021-09-10,2021-09-10,253,36
234,,"10,9,1,3",,True,False,6.0,Tiny (< 25mm),6.3,0.894,,,,,,,,,10,9,1,3,2021,2021-09-10,2021-09-10,253,36
235,,"10,9,1,5",,True,False,8.0,Small (25-30 mm),6.4,0.528,,3.0,,358,0910_1442,,,,10,9,1,5,2021,2021-09-10,2021-09-10,253,36
236,,"10,9,2,1",,True,False,8.0,Small (25-30 mm),7.6,0.445,,,,,,,,,10,9,2,1,2021,2021-09-10,2021-09-10,253,36
237,,"10,9,2,4",,True,False,9.0,Coarse (> 30mm),7.1,0.394,,,,,,,,,10,9,2,4,2021,2021-09-10,2021-09-10,253,36
238,,"10,9,2,5",,True,False,8.0,Coarse (> 30mm),7.3,0.455,,5.0,,,,,,2 labels hidden behind in CAM5,10,9,2,5,2021,2021-09-10,2021-09-10,253,36
239,,"10,9,2,2",,True,False,8.0,Small (25-30 mm),7.6,0.371,,,,,,,,,10,9,2,2,2021,2021-09-10,2021-09-10,253,36
240,,"10,9,2,6",,True,False,8.0,Coarse (> 30mm),6.8,0.302,,,,,,,,,10,9,2,6,2021,2021-09-10,2021-09-10,253,36
241,,"17,9,1,5",,True,False,8.0,Tiny (< 25mm),7.5,0.4,,,,,,,,might be RGB1,17,9,1,5,2021,2021-09-17,2021-09-17,260,37
242,,"17,9,1,6",,True,False,9.0,Coarse (> 30mm),9.2,0.421,,,,,,,,,17,9,1,6,2021,2021-09-17,2021-09-17,260,37
243,,"17,9,1,3",,True,False,7.0,Tiny (< 25mm),8.5,0.696,,1.0,,274,0917_1046,,,,17,9,1,3,2021,2021-09-17,2021-09-17,260,37
244,,"17,9,1,4",,True,False,8.0,Small (25-30 mm),8.4,0.601,,3.0,,463,,,,,17,9,1,4,2021,2021-09-17,2021-09-17,260,37
245,,"17,9,1,1",,True,False,7.0,Small (25-30 mm),5.9,0.72,,3.0,,439,,,,should be RGB1,17,9,1,1,2021,2021-09-17,2021-09-17,260,37
246,,"17,9,1,2",,True,False,8.0,Tiny (< 25mm),8.0,0.719,,,,,,,,,17,9,1,2,2021,2021-09-17,2021-09-17,260,37
247,,"17,9,2,1",,True,False,8.0,Small (25-30 mm),7.9,0.45,,3.0,,404,,,,,17,9,2,1,2021,2021-09-17,2021-09-17,260,37
248,,"17,9,2,5",,True,False,7.0,Coarse (> 30mm),6.0,0.7,,5.0,,,0917_1049,,,,17,9,2,5,2021,2021-09-17,2021-09-17,260,37
249,,"17,9,2,2",,True,False,7.0,Tiny (< 25mm),7.1,1.183,,3.0,,527,,,,,17,9,2,2,2021,2021-09-17,2021-09-17,260,37
250,,"17,9,2,3",,True,False,8.0,Small (25-30 mm),6.6,0.585,,5.0,,,,,,,17,9,2,3,2021,2021-09-17,2021-09-17,260,37
251,,"17,9,2,6",,True,False,7.0,Tiny (< 25mm),7.4,1.211,,-5.0,,,,,,,17,9,2,6,2021,2021-09-17,2021-09-17,260,37
252,,"17,9,2,4",,True,False,8.0,Coarse (> 30mm),7.5,0.528,,5.0,,,,,,"lost 17,9,2,5",17,9,2,4,2021,2021-09-17,2021-09-17,260,37
253,,"24,9,2,5",,True,False,7.0,Coarse (> 30mm),9.0,1.391,,,,,,,,,24,9,2,5,2021,2021-09-24,2021-09-24,267,38
254,,"24,9,1,6",,True,False,7.0,Small (25-30 mm),8.1,1.0,,1.0,,302,0924_0853,,,24.9.1.1 measurement missing,24,9,1,6,2021,2021-09-24,2021-09-24,267,38
255,,"24,9,2,4",,True,False,7.0,Small (25-30 mm),8.0,0.807,,5.0,,,,,,one more hidden label,24,9,2,4,2021,2021-09-24,2021-09-24,267,38
256,,"24,9,2,6",,True,False,8.0,Small (25-30 mm),8.1,0.486,,5.0,,,,,,,24,9,2,6,2021,2021-09-24,2021-09-24,267,38
257,,"24,9,2,2",,True,False,8.0,Small (25-30 mm),9.6,0.64,,3.0,,454,,,,,24,9,2,2,2021,2021-09-24,2021-09-24,267,38
258,,"24,9,1,2",,True,False,8.0,Small (25-30 mm),11.0,0.694,,,,,,,,,24,9,1,2,2021,2021-09-24,2021-09-24,267,38
259,,"24,9,1,3",,True,False,7.0,Coarse (> 30mm),7.4,0.745,,1.0,,309,0924_0853,,,,24,9,1,3,2021,2021-09-24,2021-09-24,267,38
260,,"24,9,1,5",,True,False,8.0,Coarse (> 30mm),9.4,0.494,,,,,,,,,24,9,1,5,2021,2021-09-24,2021-09-24,267,38
261,,"24,9,2,3",,True,False,8.0,Coarse (> 30mm),8.7,0.442,,,,,,,,,24,9,2,3,2021,2021-09-24,2021-09-24,267,38
262,,"24,9,1,4",,True,False,7.0,Small (25-30 mm),11.9,0.559,,1.0,,271,0924_0853,,,,24,9,1,4,2021,2021-09-24,2021-09-24,267,38
263,,"24,9,2,1",,True,False,8.0,Small (25-30 mm),10.5,0.835,,3.0,,410,,,,,24,9,2,1,2021,2021-09-24,2021-09-24,267,38
264,,"1,10,1,6",,True,False,7.0,Coarse (> 30mm),10.2,0.645,,,,,,,,probably hidden in left CAM3,1,10,1,6,2021,2021-10-01,2021-10-01,274,39
265,,"1,10,1,4",,True,False,8.0,Small (25-30 mm),8.3,0.397,,1.0,,315,1001_0900,,,,1,10,1,4,2021,2021-10-01,2021-10-01,274,39
266,,"1,10,1,3",,True,False,8.0,Coarse (> 30mm),10.8,0.48,,1.0,,314,1001_0900,,,,1,10,1,3,2021,2021-10-01,2021-10-01,274,39
267,,"1,10,1,5",,True,False,8.0,Small (25-30 mm),8.8,0.441,,3.0,,,,,,,1,10,1,5,2021,2021-10-01,2021-10-01,274,39
268,,"1,10,1,2",,True,False,8.0,Coarse (> 30mm),10.2,0.644,,1.0,,317,1001_0900,,,,1,10,1,2,2021,2021-10-01,2021-10-01,274,39
269,,"1,10,1,1",,True,False,7.0,Tiny (< 25mm),11.6,0.647,,1.0,,306,1001_0900,,,,1,10,1,1,2021,2021-10-01,2021-10-01,274,39
270,,"1,10,2,3",,True,False,7.0,Small (25-30 mm),9.2,1.033,,3.0,,,,,,,1,10,2,3,2021,2021-10-01,2021-10-01,274,39
271,,"1,10,2,4",,True,False,7.0,Tiny (< 25mm),9.4,1.026,,5.0,,,,,,,1,10,2,4,2021,2021-10-01,2021-10-01,274,39
272,,"1,10,2,1",,True,False,7.0,Small (25-30 mm),8.1,0.846,,3.0,,,,,,,1,10,2,1,2021,2021-10-01,2021-10-01,274,39
273,,"1,10,2,6",,True,False,7.0,Small (25-30 mm),9.0,0.791,,5.0,,,,,,,1,10,2,6,2021,2021-10-01,2021-10-01,274,39
274,,"1,10,2,2",,True,False,6.0,Tiny (< 25mm),9.6,0.843,,3.0,,,,,,,1,10,2,2,2021,2021-10-01,2021-10-01,274,39
275,,"8,10,1,1",,False,True,8.0,Misshapen,,0.8,,,,,,,missing,,8,10,1,1,2021,2021-10-08,2021-10-08,281,40
276,,"8,10,1,2",,True,False,6.0,Coarse (> 30mm),9.3,0.751,,1.0,,316,1008_1007,,,,8,10,1,2,2021,2021-10-08,2021-10-08,281,40
277,,"8,10,2,1",,True,False,6.0,Small (25-30 mm),9.8,1.16,,3.0,,,,,,,8,10,2,1,2021,2021-10-08,2021-10-08,281,40
278,,"8,10,2,2",,True,False,5.0,Coarse (> 30mm),9.0,1.11,,3.0,,,,,,another on the right edge (probably 3),8,10,2,2,2021,2021-10-08,2021-10-08,281,40
279,,"8,10,2,3",,True,False,7.0,Small (25-30 mm),7.2,0.686,,5.0,,,,,,The notes are very clear!!,8,10,2,3,2021,2021-10-08,2021-10-08,281,40
280,,"8,10,2,4",,True,False,7.0,Tiny (< 25mm),10.6,1.034,,5.0,,,,,,,8,10,2,4,2021,2021-10-08,2021-10-08,281,40
281,,"8,10,2,5",,True,False,6.0,Small (25-30 mm),9.2,0.921,,,,,,,,,8,10,2,5,2021,2021-10-08,2021-10-08,281,40
282,,"8,10,2,6",,True,False,5.0,Small (25-30 mm),8.7,1.217,,5.0,,,,,,,8,10,2,6,2021,2021-10-08,2021-10-08,281,40
283,,"8,10,2,7",,False,True,8.0,Misshapen,9.2,0.878,,5.0,,,,,,,8,10,2,7,2021,2021-10-08,2021-10-08,281,40
284,,"8,10,2,8",,True,False,7.0,Small (25-30 mm),9.3,0.98,,5.0,,,,,,,8,10,2,8,2021,2021-10-08,2021-10-08,281,40
285,,"15,10,2,2",,True,False,7.0,Tiny (< 25mm),8.6,0.9,,5.0,,,,,,,15,10,2,2,2021,2021-10-15,2021-10-15,288,41
286,,"15,10,2,1",,True,False,8.0,Tiny (< 25mm),10.2,,,3.0,,,,,,,15,10,2,1,2021,2021-10-15,2021-10-15,288,41
287,,"15,10,1,4",,True,False,8.0,Small (25-30 mm),8.6,0.702,,-3.0,,,,,,probably left CAM3 (label hidden),15,10,1,4,2021,2021-10-15,2021-10-15,288,41
288,,"15,10,1,2",,True,False,8.0,Small (25-30 mm),9.3,0.983,,1.0,,,1015_1004,,,,15,10,1,2,2021,2021-10-15,2021-10-15,288,41
289,,"15,10,2,3",,True,False,8.0,Small (25-30 mm),10.3,,,5.0,,,,,,,15,10,2,3,2021,2021-10-15,2021-10-15,288,41
290,,"15,10,1,3",,True,False,8.0,Small (25-30 mm),10.8,,,1.0,,,,,,,15,10,1,3,2021,2021-10-15,2021-10-15,288,41
291,,"15,10,1,1",,True,False,8.0,Small (25-30 mm),9.4,,,1.0,,,,,,,15,10,1,1,2021,2021-10-15,2021-10-15,288,41
292,,"29,10,2,4",,True,False,8.0,Tiny (< 25mm),10.1,0.2,,5.0,,,,,,,29,10,2,4,2021,2021-10-29,2021-10-29,302,43
293,,"29,10,2,6",,True,False,8.0,Tiny (< 25mm),12.9,0.6,,5.0,,,,,,,29,10,2,6,2021,2021-10-29,2021-10-29,302,43
294,,"29,10,1,1",,True,False,8.0,Small (25-30 mm),8.7,0.783,,1.0,,,,,,,29,10,1,1,2021,2021-10-29,2021-10-29,302,43
295,,"29,10,1,2",,True,False,8.0,Small (25-30 mm),12.1,0.604,,-1.0,,,,,,,29,10,1,2,2021,2021-10-29,2021-10-29,302,43
296,,"29,10,2,1",,True,False,8.0,Tiny (< 25mm),6.3,0.85,,,,,,,,,29,10,2,1,2021,2021-10-29,2021-10-29,302,43
297,,"29,10,2,3",,True,False,8.0,Tiny (< 25mm),11.0,0.969,,-5.0,,,,,,,29,10,2,3,2021,2021-10-29,2021-10-29,302,43
298,,"29,10,1,6",,True,False,8.0,Small (25-30 mm),11.1,1.204,,,,,,,,"probably hidden by 29,10,1,5",29,10,1,6,2021,2021-10-29,2021-10-29,302,43
299,,"29,10,2,5",,True,False,8.0,Small (25-30 mm),11.6,0.594,,5.0,,,,,,,29,10,2,5,2021,2021-10-29,2021-10-29,302,43
300,,"29,10,2,2",,True,False,8.0,Tiny (< 25mm),9.8,0.734,,5.0,,,,,,,29,10,2,2,2021,2021-10-29,2021-10-29,302,43
301,,"29,10,1,5",,True,False,8.0,Small (25-30 mm),9.8,0.973,,3.0,,,,,,,29,10,1,5,2021,2021-10-29,2021-10-29,302,43
302,,"29,10,1,4",,True,False,8.0,Small (25-30 mm),10.4,0.7,,1.0,,,,,,,29,10,1,4,2021,2021-10-29,2021-10-29,302,43
303,,"29,10,1,3",,True,False,8.0,Small (25-30 mm),7.8,0.903,,1.0,,,,,,,29,10,1,3,2021,2021-10-29,2021-10-29,302,43
304,,"5,11,1,1",,True,False,8.0,Small (25-30 mm),8.7,0.797,,-1.0,,,,,,label and strawberry were hidden,5,11,1,1,2021,2021-11-05,2021-11-05,309,44
305,,"5,11,1,2",,True,False,8.0,Coarse (> 30mm),7.8,0.866,,1.0,,,,,,strawberry hidden,5,11,1,2,2021,2021-11-05,2021-11-05,309,44
306,,"5,11,2,3",,False,True,7.0,Tiny (< 25mm),13.2,0.957,,5.0,,,,,,"5,11,2,1 was not tested?",5,11,2,3,2021,2021-11-05,2021-11-05,309,44
307,,"5,11,1,3",,True,False,7.0,Small (25-30 mm),11.2,0.456,,-1.0,,,,,,label and strawberry were hidden,5,11,1,3,2021,2021-11-05,2021-11-05,309,44
308,,"5,11,2,4",,True,False,9.0,Small (25-30 mm),9.9,1.127,,-5.0,,,,,overlapped label,,5,11,2,4,2021,2021-11-05,2021-11-05,309,44
309,,"5,11,2,2",,True,False,8.0,Small (25-30 mm),6.8,0.756,,3.0,,,,,overlapped label,,5,11,2,2,2021,2021-11-05,2021-11-05,309,44
